"time_index","test_name","year","month","historical","variable","value"
1,"a",1,1,TRUE,"test_volume",99
1,"a",1,1,TRUE,"noisy2",94
1,"a",1,1,TRUE,"noisy1",86
2,"a",1,2,TRUE,"test_volume",148
2,"a",1,2,TRUE,"noisy2",118
2,"a",1,2,TRUE,"noisy1",99
3,"a",1,3,TRUE,"test_volume",123
3,"a",1,3,TRUE,"noisy2",129
3,"a",1,3,TRUE,"noisy1",88
4,"a",1,4,TRUE,"test_volume",62
4,"a",1,4,TRUE,"noisy2",120
4,"a",1,4,TRUE,"noisy1",118
5,"a",1,5,TRUE,"test_volume",76
5,"a",1,5,TRUE,"noisy2",88
5,"a",1,5,TRUE,"noisy1",94
6,"a",1,6,TRUE,"test_volume",49
6,"a",1,6,TRUE,"noisy2",127
6,"a",1,6,TRUE,"noisy1",79
7,"a",1,7,TRUE,"test_volume",68
7,"a",1,7,TRUE,"noisy2",88
7,"a",1,7,TRUE,"noisy1",73
8,"a",1,8,TRUE,"test_volume",97
8,"a",1,8,TRUE,"noisy2",121
8,"a",1,8,TRUE,"noisy1",97
9,"a",1,9,TRUE,"test_volume",98
9,"a",1,9,TRUE,"noisy2",90
9,"a",1,9,TRUE,"noisy1",132
10,"a",1,10,TRUE,"test_volume",134
10,"a",1,10,TRUE,"noisy2",90
10,"a",1,10,TRUE,"noisy1",120
11,"a",1,11,TRUE,"test_volume",146
11,"a",1,11,TRUE,"noisy2",104
11,"a",1,11,TRUE,"noisy1",130
12,"a",1,12,TRUE,"test_volume",190
12,"a",1,12,TRUE,"noisy2",108
12,"a",1,12,TRUE,"noisy1",69
13,"a",2,1,TRUE,"test_volume",163
13,"a",2,1,TRUE,"noisy2",103
13,"a",2,1,TRUE,"noisy1",124
14,"a",2,2,TRUE,"test_volume",156
14,"a",2,2,TRUE,"noisy2",119
14,"a",2,2,TRUE,"noisy1",89
15,"a",2,3,TRUE,"test_volume",137
15,"a",2,3,TRUE,"noisy2",94
15,"a",2,3,TRUE,"noisy1",105
16,"a",2,4,TRUE,"test_volume",122
16,"a",2,4,TRUE,"noisy2",114
16,"a",2,4,TRUE,"noisy1",109
17,"a",2,5,TRUE,"test_volume",124
17,"a",2,5,TRUE,"noisy2",74
17,"a",2,5,TRUE,"noisy1",100
18,"a",2,6,TRUE,"test_volume",77
18,"a",2,6,TRUE,"noisy2",131
18,"a",2,6,TRUE,"noisy1",105
19,"a",2,7,TRUE,"test_volume",116
19,"a",2,7,TRUE,"noisy2",88
19,"a",2,7,TRUE,"noisy1",80
20,"a",2,8,TRUE,"test_volume",87
20,"a",2,8,TRUE,"noisy2",107
20,"a",2,8,TRUE,"noisy1",82
21,"a",2,9,TRUE,"test_volume",123
21,"a",2,9,TRUE,"noisy2",117
21,"a",2,9,TRUE,"noisy1",125
22,"a",2,10,TRUE,"test_volume",171
22,"a",2,10,TRUE,"noisy2",103
22,"a",2,10,TRUE,"noisy1",87
23,"a",2,11,TRUE,"test_volume",164
23,"a",2,11,TRUE,"noisy2",106
23,"a",2,11,TRUE,"noisy1",72
24,"a",2,12,TRUE,"test_volume",182
24,"a",2,12,TRUE,"noisy2",102
24,"a",2,12,TRUE,"noisy1",85
25,"a",3,1,TRUE,"test_volume",164
25,"a",3,1,TRUE,"noisy2",143
25,"a",3,1,TRUE,"noisy1",100
26,"a",3,2,TRUE,"test_volume",182
26,"a",3,2,TRUE,"noisy2",124
26,"a",3,2,TRUE,"noisy1",118
27,"a",3,3,TRUE,"test_volume",203
27,"a",3,3,TRUE,"noisy2",79
27,"a",3,3,TRUE,"noisy1",127
28,"a",3,4,TRUE,"test_volume",144
28,"a",3,4,TRUE,"noisy2",123
28,"a",3,4,TRUE,"noisy1",114
29,"a",3,5,TRUE,"test_volume",131
29,"a",3,5,TRUE,"noisy2",113
29,"a",3,5,TRUE,"noisy1",74
30,"a",3,6,TRUE,"test_volume",112
30,"a",3,6,TRUE,"noisy2",79
30,"a",3,6,TRUE,"noisy1",78
31,"a",3,7,TRUE,"test_volume",108
31,"a",3,7,TRUE,"noisy2",99
31,"a",3,7,TRUE,"noisy1",122
32,"a",3,8,TRUE,"test_volume",160
32,"a",3,8,TRUE,"noisy2",133
32,"a",3,8,TRUE,"noisy1",72
33,"a",3,9,TRUE,"test_volume",160
33,"a",3,9,TRUE,"noisy2",112
33,"a",3,9,TRUE,"noisy1",71
34,"a",3,10,TRUE,"test_volume",178
34,"a",3,10,TRUE,"noisy2",122
34,"a",3,10,TRUE,"noisy1",106
35,"a",3,11,TRUE,"test_volume",183
35,"a",3,11,TRUE,"noisy2",106
35,"a",3,11,TRUE,"noisy1",104
36,"a",3,12,TRUE,"test_volume",205
36,"a",3,12,TRUE,"noisy2",120
36,"a",3,12,TRUE,"noisy1",116
37,"a",4,1,FALSE,"noisy2",95
37,"a",4,1,FALSE,"noisy1",103
38,"a",4,2,FALSE,"noisy2",74
38,"a",4,2,FALSE,"noisy1",104
39,"a",4,3,FALSE,"noisy2",81
39,"a",4,3,FALSE,"noisy1",120
40,"a",4,4,FALSE,"noisy2",115
40,"a",4,4,FALSE,"noisy1",78
41,"a",4,5,FALSE,"noisy2",124
41,"a",4,5,FALSE,"noisy1",120
42,"a",4,6,FALSE,"noisy2",69
42,"a",4,6,FALSE,"noisy1",96
43,"a",4,7,FALSE,"noisy2",135
43,"a",4,7,FALSE,"noisy1",71
44,"a",4,8,FALSE,"noisy2",100
44,"a",4,8,FALSE,"noisy1",112
45,"a",4,9,FALSE,"noisy2",100
45,"a",4,9,FALSE,"noisy1",134
46,"a",4,10,FALSE,"noisy2",107
46,"a",4,10,FALSE,"noisy1",105
47,"a",4,11,FALSE,"noisy2",64
47,"a",4,11,FALSE,"noisy1",100
48,"a",4,12,FALSE,"noisy2",71
48,"a",4,12,FALSE,"noisy1",104
1,"b",1,1,TRUE,"test_volume",138
1,"b",1,1,TRUE,"noisy2",96
1,"b",1,1,TRUE,"noisy1",132
2,"b",1,2,TRUE,"test_volume",166
2,"b",1,2,TRUE,"noisy2",107
2,"b",1,2,TRUE,"noisy1",53
3,"b",1,3,TRUE,"test_volume",130
3,"b",1,3,TRUE,"noisy2",90
3,"b",1,3,TRUE,"noisy1",63
4,"b",1,4,TRUE,"test_volume",98
4,"b",1,4,TRUE,"noisy2",121
4,"b",1,4,TRUE,"noisy1",92
5,"b",1,5,TRUE,"test_volume",75
5,"b",1,5,TRUE,"noisy2",72
5,"b",1,5,TRUE,"noisy1",76
6,"b",1,6,TRUE,"test_volume",55
6,"b",1,6,TRUE,"noisy2",93
6,"b",1,6,TRUE,"noisy1",88
7,"b",1,7,TRUE,"test_volume",70
7,"b",1,7,TRUE,"noisy2",100
7,"b",1,7,TRUE,"noisy1",126
8,"b",1,8,TRUE,"test_volume",50
8,"b",1,8,TRUE,"noisy2",109
8,"b",1,8,TRUE,"noisy1",100
9,"b",1,9,TRUE,"test_volume",86
9,"b",1,9,TRUE,"noisy2",82
9,"b",1,9,TRUE,"noisy1",107
10,"b",1,10,TRUE,"test_volume",104
10,"b",1,10,TRUE,"noisy2",109
10,"b",1,10,TRUE,"noisy1",114
11,"b",1,11,TRUE,"test_volume",139
11,"b",1,11,TRUE,"noisy2",97
11,"b",1,11,TRUE,"noisy1",58
12,"b",1,12,TRUE,"test_volume",161
12,"b",1,12,TRUE,"noisy2",87
12,"b",1,12,TRUE,"noisy1",86
13,"b",2,1,TRUE,"test_volume",129
13,"b",2,1,TRUE,"noisy2",60
13,"b",2,1,TRUE,"noisy1",115
14,"b",2,2,TRUE,"test_volume",175
14,"b",2,2,TRUE,"noisy2",62
14,"b",2,2,TRUE,"noisy1",86
15,"b",2,3,TRUE,"test_volume",87
15,"b",2,3,TRUE,"noisy2",69
15,"b",2,3,TRUE,"noisy1",112
16,"b",2,4,TRUE,"test_volume",92
16,"b",2,4,TRUE,"noisy2",109
16,"b",2,4,TRUE,"noisy1",88
17,"b",2,5,TRUE,"test_volume",35
17,"b",2,5,TRUE,"noisy2",117
17,"b",2,5,TRUE,"noisy1",87
18,"b",2,6,TRUE,"test_volume",41
18,"b",2,6,TRUE,"noisy2",142
18,"b",2,6,TRUE,"noisy1",92
19,"b",2,7,TRUE,"test_volume",55
19,"b",2,7,TRUE,"noisy2",131
19,"b",2,7,TRUE,"noisy1",133
20,"b",2,8,TRUE,"test_volume",85
20,"b",2,8,TRUE,"noisy2",88
20,"b",2,8,TRUE,"noisy1",78
21,"b",2,9,TRUE,"test_volume",112
21,"b",2,9,TRUE,"noisy2",84
21,"b",2,9,TRUE,"noisy1",117
22,"b",2,10,TRUE,"test_volume",100
22,"b",2,10,TRUE,"noisy2",120
22,"b",2,10,TRUE,"noisy1",105
23,"b",2,11,TRUE,"test_volume",120
23,"b",2,11,TRUE,"noisy2",112
23,"b",2,11,TRUE,"noisy1",133
24,"b",2,12,TRUE,"test_volume",175
24,"b",2,12,TRUE,"noisy2",111
24,"b",2,12,TRUE,"noisy1",130
25,"b",3,1,TRUE,"test_volume",155
25,"b",3,1,TRUE,"noisy2",108
25,"b",3,1,TRUE,"noisy1",90
26,"b",3,2,TRUE,"test_volume",128
26,"b",3,2,TRUE,"noisy2",87
26,"b",3,2,TRUE,"noisy1",82
27,"b",3,3,TRUE,"test_volume",183
27,"b",3,3,TRUE,"noisy2",60
27,"b",3,3,TRUE,"noisy1",106
28,"b",3,4,TRUE,"test_volume",105
28,"b",3,4,TRUE,"noisy2",82
28,"b",3,4,TRUE,"noisy1",129
29,"b",3,5,TRUE,"test_volume",93
29,"b",3,5,TRUE,"noisy2",77
29,"b",3,5,TRUE,"noisy1",140
30,"b",3,6,TRUE,"test_volume",95
30,"b",3,6,TRUE,"noisy2",97
30,"b",3,6,TRUE,"noisy1",72
31,"b",3,7,TRUE,"test_volume",77
31,"b",3,7,TRUE,"noisy2",123
31,"b",3,7,TRUE,"noisy1",142
32,"b",3,8,TRUE,"test_volume",34
32,"b",3,8,TRUE,"noisy2",91
32,"b",3,8,TRUE,"noisy1",91
33,"b",3,9,TRUE,"test_volume",107
33,"b",3,9,TRUE,"noisy2",104
33,"b",3,9,TRUE,"noisy1",103
34,"b",3,10,TRUE,"test_volume",130
34,"b",3,10,TRUE,"noisy2",85
34,"b",3,10,TRUE,"noisy1",106
35,"b",3,11,TRUE,"test_volume",114
35,"b",3,11,TRUE,"noisy2",113
35,"b",3,11,TRUE,"noisy1",89
36,"b",3,12,TRUE,"test_volume",124
36,"b",3,12,TRUE,"noisy2",119
36,"b",3,12,TRUE,"noisy1",56
37,"b",4,1,FALSE,"noisy2",105
37,"b",4,1,FALSE,"noisy1",90
38,"b",4,2,FALSE,"noisy2",78
38,"b",4,2,FALSE,"noisy1",95
39,"b",4,3,FALSE,"noisy2",113
39,"b",4,3,FALSE,"noisy1",67
40,"b",4,4,FALSE,"noisy2",105
40,"b",4,4,FALSE,"noisy1",126
41,"b",4,5,FALSE,"noisy2",126
41,"b",4,5,FALSE,"noisy1",116
42,"b",4,6,FALSE,"noisy2",95
42,"b",4,6,FALSE,"noisy1",89
43,"b",4,7,FALSE,"noisy2",111
43,"b",4,7,FALSE,"noisy1",87
44,"b",4,8,FALSE,"noisy2",82
44,"b",4,8,FALSE,"noisy1",105
45,"b",4,9,FALSE,"noisy2",103
45,"b",4,9,FALSE,"noisy1",95
46,"b",4,10,FALSE,"noisy2",88
46,"b",4,10,FALSE,"noisy1",111
47,"b",4,11,FALSE,"noisy2",97
47,"b",4,11,FALSE,"noisy1",139
48,"b",4,12,FALSE,"noisy2",90
48,"b",4,12,FALSE,"noisy1",114
1,"c",1,1,TRUE,"test_volume",88
1,"c",1,1,TRUE,"noisy2",109
1,"c",1,1,TRUE,"noisy1",64
2,"c",1,2,TRUE,"test_volume",70
2,"c",1,2,TRUE,"noisy2",71
2,"c",1,2,TRUE,"noisy1",76
3,"c",1,3,TRUE,"test_volume",95
3,"c",1,3,TRUE,"noisy2",141
3,"c",1,3,TRUE,"noisy1",132
4,"c",1,4,TRUE,"test_volume",114
4,"c",1,4,TRUE,"noisy2",109
4,"c",1,4,TRUE,"noisy1",105
5,"c",1,5,TRUE,"test_volume",118
5,"c",1,5,TRUE,"noisy2",87
5,"c",1,5,TRUE,"noisy1",108
6,"c",1,6,TRUE,"test_volume",119
6,"c",1,6,TRUE,"noisy2",150
6,"c",1,6,TRUE,"noisy1",112
7,"c",1,7,TRUE,"test_volume",80
7,"c",1,7,TRUE,"noisy2",112
7,"c",1,7,TRUE,"noisy1",74
8,"c",1,8,TRUE,"test_volume",106
8,"c",1,8,TRUE,"noisy2",95
8,"c",1,8,TRUE,"noisy1",132
9,"c",1,9,TRUE,"test_volume",87
9,"c",1,9,TRUE,"noisy2",58
9,"c",1,9,TRUE,"noisy1",79
10,"c",1,10,TRUE,"test_volume",142
10,"c",1,10,TRUE,"noisy2",108
10,"c",1,10,TRUE,"noisy1",123
11,"c",1,11,TRUE,"test_volume",118
11,"c",1,11,TRUE,"noisy2",91
11,"c",1,11,TRUE,"noisy1",103
12,"c",1,12,TRUE,"test_volume",104
12,"c",1,12,TRUE,"noisy2",88
12,"c",1,12,TRUE,"noisy1",81
13,"c",2,1,TRUE,"test_volume",124
13,"c",2,1,TRUE,"noisy2",98
13,"c",2,1,TRUE,"noisy1",110
14,"c",2,2,TRUE,"test_volume",166
14,"c",2,2,TRUE,"noisy2",68
14,"c",2,2,TRUE,"noisy1",94
15,"c",2,3,TRUE,"test_volume",120
15,"c",2,3,TRUE,"noisy2",87
15,"c",2,3,TRUE,"noisy1",124
16,"c",2,4,TRUE,"test_volume",147
16,"c",2,4,TRUE,"noisy2",99
16,"c",2,4,TRUE,"noisy1",99
17,"c",2,5,TRUE,"test_volume",159
17,"c",2,5,TRUE,"noisy2",115
17,"c",2,5,TRUE,"noisy1",102
18,"c",2,6,TRUE,"test_volume",149
18,"c",2,6,TRUE,"noisy2",85
18,"c",2,6,TRUE,"noisy1",126
19,"c",2,7,TRUE,"test_volume",146
19,"c",2,7,TRUE,"noisy2",94
19,"c",2,7,TRUE,"noisy1",68
20,"c",2,8,TRUE,"test_volume",111
20,"c",2,8,TRUE,"noisy2",94
20,"c",2,8,TRUE,"noisy1",94
21,"c",2,9,TRUE,"test_volume",157
21,"c",2,9,TRUE,"noisy2",84
21,"c",2,9,TRUE,"noisy1",101
22,"c",2,10,TRUE,"test_volume",151
22,"c",2,10,TRUE,"noisy2",107
22,"c",2,10,TRUE,"noisy1",98
23,"c",2,11,TRUE,"test_volume",133
23,"c",2,11,TRUE,"noisy2",109
23,"c",2,11,TRUE,"noisy1",101
24,"c",2,12,TRUE,"test_volume",143
24,"c",2,12,TRUE,"noisy2",76
24,"c",2,12,TRUE,"noisy1",93
25,"c",3,1,TRUE,"test_volume",119
25,"c",3,1,TRUE,"noisy2",67
25,"c",3,1,TRUE,"noisy1",128
26,"c",3,2,TRUE,"test_volume",151
26,"c",3,2,TRUE,"noisy2",99
26,"c",3,2,TRUE,"noisy1",93
27,"c",3,3,TRUE,"test_volume",170
27,"c",3,3,TRUE,"noisy2",139
27,"c",3,3,TRUE,"noisy1",123
28,"c",3,4,TRUE,"test_volume",166
28,"c",3,4,TRUE,"noisy2",119
28,"c",3,4,TRUE,"noisy1",163
29,"c",3,5,TRUE,"test_volume",176
29,"c",3,5,TRUE,"noisy2",78
29,"c",3,5,TRUE,"noisy1",161
30,"c",3,6,TRUE,"test_volume",139
30,"c",3,6,TRUE,"noisy2",121
30,"c",3,6,TRUE,"noisy1",123
31,"c",3,7,TRUE,"test_volume",89
31,"c",3,7,TRUE,"noisy2",89
31,"c",3,7,TRUE,"noisy1",92
32,"c",3,8,TRUE,"test_volume",148
32,"c",3,8,TRUE,"noisy2",116
32,"c",3,8,TRUE,"noisy1",117
33,"c",3,9,TRUE,"test_volume",166
33,"c",3,9,TRUE,"noisy2",121
33,"c",3,9,TRUE,"noisy1",132
34,"c",3,10,TRUE,"test_volume",135
34,"c",3,10,TRUE,"noisy2",126
34,"c",3,10,TRUE,"noisy1",99
35,"c",3,11,TRUE,"test_volume",137
35,"c",3,11,TRUE,"noisy2",125
35,"c",3,11,TRUE,"noisy1",119
36,"c",3,12,TRUE,"test_volume",132
36,"c",3,12,TRUE,"noisy2",110
36,"c",3,12,TRUE,"noisy1",98
37,"c",4,1,FALSE,"noisy2",82
37,"c",4,1,FALSE,"noisy1",92
38,"c",4,2,FALSE,"noisy2",95
38,"c",4,2,FALSE,"noisy1",109
39,"c",4,3,FALSE,"noisy2",147
39,"c",4,3,FALSE,"noisy1",89
40,"c",4,4,FALSE,"noisy2",95
40,"c",4,4,FALSE,"noisy1",82
41,"c",4,5,FALSE,"noisy2",122
41,"c",4,5,FALSE,"noisy1",151
42,"c",4,6,FALSE,"noisy2",121
42,"c",4,6,FALSE,"noisy1",94
43,"c",4,7,FALSE,"noisy2",91
43,"c",4,7,FALSE,"noisy1",113
44,"c",4,8,FALSE,"noisy2",115
44,"c",4,8,FALSE,"noisy1",136
45,"c",4,9,FALSE,"noisy2",73
45,"c",4,9,FALSE,"noisy1",72
46,"c",4,10,FALSE,"noisy2",125
46,"c",4,10,FALSE,"noisy1",117
47,"c",4,11,FALSE,"noisy2",139
47,"c",4,11,FALSE,"noisy1",112
48,"c",4,12,FALSE,"noisy2",102
48,"c",4,12,FALSE,"noisy1",91
1,"d",1,1,TRUE,"test_volume",95
1,"d",1,1,TRUE,"noisy2",94
1,"d",1,1,TRUE,"noisy1",113
2,"d",1,2,TRUE,"test_volume",139
2,"d",1,2,TRUE,"noisy2",85
2,"d",1,2,TRUE,"noisy1",94
3,"d",1,3,TRUE,"test_volume",104
3,"d",1,3,TRUE,"noisy2",120
3,"d",1,3,TRUE,"noisy1",86
4,"d",1,4,TRUE,"test_volume",75
4,"d",1,4,TRUE,"noisy2",103
4,"d",1,4,TRUE,"noisy1",82
5,"d",1,5,TRUE,"test_volume",140
5,"d",1,5,TRUE,"noisy2",98
5,"d",1,5,TRUE,"noisy1",91
6,"d",1,6,TRUE,"test_volume",96
6,"d",1,6,TRUE,"noisy2",59
6,"d",1,6,TRUE,"noisy1",87
7,"d",1,7,TRUE,"test_volume",91
7,"d",1,7,TRUE,"noisy2",97
7,"d",1,7,TRUE,"noisy1",127
8,"d",1,8,TRUE,"test_volume",62
8,"d",1,8,TRUE,"noisy2",92
8,"d",1,8,TRUE,"noisy1",88
9,"d",1,9,TRUE,"test_volume",84
9,"d",1,9,TRUE,"noisy2",111
9,"d",1,9,TRUE,"noisy1",76
10,"d",1,10,TRUE,"test_volume",65
10,"d",1,10,TRUE,"noisy2",120
10,"d",1,10,TRUE,"noisy1",102
11,"d",1,11,TRUE,"test_volume",107
11,"d",1,11,TRUE,"noisy2",121
11,"d",1,11,TRUE,"noisy1",100
12,"d",1,12,TRUE,"test_volume",74
12,"d",1,12,TRUE,"noisy2",109
12,"d",1,12,TRUE,"noisy1",50
13,"d",2,1,TRUE,"test_volume",88
13,"d",2,1,TRUE,"noisy2",61
13,"d",2,1,TRUE,"noisy1",87
14,"d",2,2,TRUE,"test_volume",73
14,"d",2,2,TRUE,"noisy2",89
14,"d",2,2,TRUE,"noisy1",144
15,"d",2,3,TRUE,"test_volume",110
15,"d",2,3,TRUE,"noisy2",113
15,"d",2,3,TRUE,"noisy1",86
16,"d",2,4,TRUE,"test_volume",99
16,"d",2,4,TRUE,"noisy2",117
16,"d",2,4,TRUE,"noisy1",105
17,"d",2,5,TRUE,"test_volume",100
17,"d",2,5,TRUE,"noisy2",140
17,"d",2,5,TRUE,"noisy1",102
18,"d",2,6,TRUE,"test_volume",99
18,"d",2,6,TRUE,"noisy2",103
18,"d",2,6,TRUE,"noisy1",93
19,"d",2,7,TRUE,"test_volume",114
19,"d",2,7,TRUE,"noisy2",91
19,"d",2,7,TRUE,"noisy1",115
20,"d",2,8,TRUE,"test_volume",119
20,"d",2,8,TRUE,"noisy2",72
20,"d",2,8,TRUE,"noisy1",76
21,"d",2,9,TRUE,"test_volume",111
21,"d",2,9,TRUE,"noisy2",112
21,"d",2,9,TRUE,"noisy1",114
22,"d",2,10,TRUE,"test_volume",101
22,"d",2,10,TRUE,"noisy2",80
22,"d",2,10,TRUE,"noisy1",120
23,"d",2,11,TRUE,"test_volume",83
23,"d",2,11,TRUE,"noisy2",99
23,"d",2,11,TRUE,"noisy1",91
24,"d",2,12,TRUE,"test_volume",115
24,"d",2,12,TRUE,"noisy2",92
24,"d",2,12,TRUE,"noisy1",127
25,"d",3,1,TRUE,"test_volume",127
25,"d",3,1,TRUE,"noisy2",110
25,"d",3,1,TRUE,"noisy1",90
26,"d",3,2,TRUE,"test_volume",103
26,"d",3,2,TRUE,"noisy2",49
26,"d",3,2,TRUE,"noisy1",122
27,"d",3,3,TRUE,"test_volume",115
27,"d",3,3,TRUE,"noisy2",85
27,"d",3,3,TRUE,"noisy1",91
28,"d",3,4,TRUE,"test_volume",100
28,"d",3,4,TRUE,"noisy2",101
28,"d",3,4,TRUE,"noisy1",90
29,"d",3,5,TRUE,"test_volume",108
29,"d",3,5,TRUE,"noisy2",90
29,"d",3,5,TRUE,"noisy1",85
30,"d",3,6,TRUE,"test_volume",44
30,"d",3,6,TRUE,"noisy2",84
30,"d",3,6,TRUE,"noisy1",87
31,"d",3,7,TRUE,"test_volume",145
31,"d",3,7,TRUE,"noisy2",123
31,"d",3,7,TRUE,"noisy1",92
32,"d",3,8,TRUE,"test_volume",116
32,"d",3,8,TRUE,"noisy2",78
32,"d",3,8,TRUE,"noisy1",112
33,"d",3,9,TRUE,"test_volume",88
33,"d",3,9,TRUE,"noisy2",90
33,"d",3,9,TRUE,"noisy1",57
34,"d",3,10,TRUE,"test_volume",89
34,"d",3,10,TRUE,"noisy2",131
34,"d",3,10,TRUE,"noisy1",132
35,"d",3,11,TRUE,"test_volume",109
35,"d",3,11,TRUE,"noisy2",76
35,"d",3,11,TRUE,"noisy1",97
36,"d",3,12,TRUE,"test_volume",109
36,"d",3,12,TRUE,"noisy2",103
36,"d",3,12,TRUE,"noisy1",102
37,"d",4,1,FALSE,"noisy2",133
37,"d",4,1,FALSE,"noisy1",101
38,"d",4,2,FALSE,"noisy2",110
38,"d",4,2,FALSE,"noisy1",103
39,"d",4,3,FALSE,"noisy2",89
39,"d",4,3,FALSE,"noisy1",40
40,"d",4,4,FALSE,"noisy2",77
40,"d",4,4,FALSE,"noisy1",61
41,"d",4,5,FALSE,"noisy2",35
41,"d",4,5,FALSE,"noisy1",110
42,"d",4,6,FALSE,"noisy2",100
42,"d",4,6,FALSE,"noisy1",71
43,"d",4,7,FALSE,"noisy2",84
43,"d",4,7,FALSE,"noisy1",89
44,"d",4,8,FALSE,"noisy2",98
44,"d",4,8,FALSE,"noisy1",89
45,"d",4,9,FALSE,"noisy2",99
45,"d",4,9,FALSE,"noisy1",104
46,"d",4,10,FALSE,"noisy2",82
46,"d",4,10,FALSE,"noisy1",128
47,"d",4,11,FALSE,"noisy2",123
47,"d",4,11,FALSE,"noisy1",126
48,"d",4,12,FALSE,"noisy2",81
48,"d",4,12,FALSE,"noisy1",125
1,"e",1,1,TRUE,"test_volume",160
1,"e",1,1,TRUE,"predictor1",169
1,"e",1,1,TRUE,"noisy1",90
2,"e",1,2,TRUE,"test_volume",133
2,"e",1,2,TRUE,"predictor1",148
2,"e",1,2,TRUE,"noisy1",110
3,"e",1,3,TRUE,"test_volume",97
3,"e",1,3,TRUE,"predictor1",106
3,"e",1,3,TRUE,"noisy1",97
4,"e",1,4,TRUE,"test_volume",121
4,"e",1,4,TRUE,"predictor1",132
4,"e",1,4,TRUE,"noisy1",70
5,"e",1,5,TRUE,"test_volume",87
5,"e",1,5,TRUE,"predictor1",70
5,"e",1,5,TRUE,"noisy1",76
6,"e",1,6,TRUE,"test_volume",77
6,"e",1,6,TRUE,"predictor1",72
6,"e",1,6,TRUE,"noisy1",84
7,"e",1,7,TRUE,"test_volume",89
7,"e",1,7,TRUE,"predictor1",114
7,"e",1,7,TRUE,"noisy1",96
8,"e",1,8,TRUE,"test_volume",88
8,"e",1,8,TRUE,"predictor1",77
8,"e",1,8,TRUE,"noisy1",111
9,"e",1,9,TRUE,"test_volume",124
9,"e",1,9,TRUE,"predictor1",122
9,"e",1,9,TRUE,"noisy1",105
10,"e",1,10,TRUE,"test_volume",102
10,"e",1,10,TRUE,"predictor1",114
10,"e",1,10,TRUE,"noisy1",85
11,"e",1,11,TRUE,"test_volume",109
11,"e",1,11,TRUE,"predictor1",124
11,"e",1,11,TRUE,"noisy1",109
12,"e",1,12,TRUE,"test_volume",149
12,"e",1,12,TRUE,"predictor1",139
12,"e",1,12,TRUE,"noisy1",126
13,"e",2,1,TRUE,"test_volume",156
13,"e",2,1,TRUE,"predictor1",150
13,"e",2,1,TRUE,"noisy1",88
14,"e",2,2,TRUE,"test_volume",133
14,"e",2,2,TRUE,"predictor1",150
14,"e",2,2,TRUE,"noisy1",101
15,"e",2,3,TRUE,"test_volume",128
15,"e",2,3,TRUE,"predictor1",116
15,"e",2,3,TRUE,"noisy1",105
16,"e",2,4,TRUE,"test_volume",138
16,"e",2,4,TRUE,"predictor1",157
16,"e",2,4,TRUE,"noisy1",109
17,"e",2,5,TRUE,"test_volume",103
17,"e",2,5,TRUE,"predictor1",101
17,"e",2,5,TRUE,"noisy1",83
18,"e",2,6,TRUE,"test_volume",51
18,"e",2,6,TRUE,"predictor1",23
18,"e",2,6,TRUE,"noisy1",92
19,"e",2,7,TRUE,"test_volume",91
19,"e",2,7,TRUE,"predictor1",83
19,"e",2,7,TRUE,"noisy1",95
20,"e",2,8,TRUE,"test_volume",105
20,"e",2,8,TRUE,"predictor1",76
20,"e",2,8,TRUE,"noisy1",107
21,"e",2,9,TRUE,"test_volume",117
21,"e",2,9,TRUE,"predictor1",92
21,"e",2,9,TRUE,"noisy1",113
22,"e",2,10,TRUE,"test_volume",168
22,"e",2,10,TRUE,"predictor1",220
22,"e",2,10,TRUE,"noisy1",118
23,"e",2,11,TRUE,"test_volume",151
23,"e",2,11,TRUE,"predictor1",172
23,"e",2,11,TRUE,"noisy1",101
24,"e",2,12,TRUE,"test_volume",183
24,"e",2,12,TRUE,"predictor1",172
24,"e",2,12,TRUE,"noisy1",128
25,"e",3,1,TRUE,"test_volume",154
25,"e",3,1,TRUE,"predictor1",146
25,"e",3,1,TRUE,"noisy1",119
26,"e",3,2,TRUE,"test_volume",185
26,"e",3,2,TRUE,"predictor1",210
26,"e",3,2,TRUE,"noisy1",112
27,"e",3,3,TRUE,"test_volume",141
27,"e",3,3,TRUE,"predictor1",145
27,"e",3,3,TRUE,"noisy1",102
28,"e",3,4,TRUE,"test_volume",134
28,"e",3,4,TRUE,"predictor1",128
28,"e",3,4,TRUE,"noisy1",117
29,"e",3,5,TRUE,"test_volume",112
29,"e",3,5,TRUE,"predictor1",131
29,"e",3,5,TRUE,"noisy1",89
30,"e",3,6,TRUE,"test_volume",132
30,"e",3,6,TRUE,"predictor1",103
30,"e",3,6,TRUE,"noisy1",109
31,"e",3,7,TRUE,"test_volume",101
31,"e",3,7,TRUE,"predictor1",108
31,"e",3,7,TRUE,"noisy1",102
32,"e",3,8,TRUE,"test_volume",132
32,"e",3,8,TRUE,"predictor1",160
32,"e",3,8,TRUE,"noisy1",119
33,"e",3,9,TRUE,"test_volume",151
33,"e",3,9,TRUE,"predictor1",173
33,"e",3,9,TRUE,"noisy1",133
34,"e",3,10,TRUE,"test_volume",162
34,"e",3,10,TRUE,"predictor1",154
34,"e",3,10,TRUE,"noisy1",65
35,"e",3,11,TRUE,"test_volume",164
35,"e",3,11,TRUE,"predictor1",177
35,"e",3,11,TRUE,"noisy1",72
36,"e",3,12,TRUE,"test_volume",184
36,"e",3,12,TRUE,"predictor1",173
36,"e",3,12,TRUE,"noisy1",82
37,"e",4,1,FALSE,"predictor1",146
37,"e",4,1,FALSE,"noisy1",115
38,"e",4,2,FALSE,"predictor1",210
38,"e",4,2,FALSE,"noisy1",87
39,"e",4,3,FALSE,"predictor1",145
39,"e",4,3,FALSE,"noisy1",87
40,"e",4,4,FALSE,"predictor1",128
40,"e",4,4,FALSE,"noisy1",81
41,"e",4,5,FALSE,"predictor1",131
41,"e",4,5,FALSE,"noisy1",86
42,"e",4,6,FALSE,"predictor1",103
42,"e",4,6,FALSE,"noisy1",114
43,"e",4,7,FALSE,"predictor1",108
43,"e",4,7,FALSE,"noisy1",80
44,"e",4,8,FALSE,"predictor1",160
44,"e",4,8,FALSE,"noisy1",79
45,"e",4,9,FALSE,"predictor1",173
45,"e",4,9,FALSE,"noisy1",111
46,"e",4,10,FALSE,"predictor1",154
46,"e",4,10,FALSE,"noisy1",126
47,"e",4,11,FALSE,"predictor1",177
47,"e",4,11,FALSE,"noisy1",122
48,"e",4,12,FALSE,"predictor1",173
48,"e",4,12,FALSE,"noisy1",127
1,"f",1,1,TRUE,"test_volume",175
1,"f",1,1,TRUE,"predictor1",186
1,"f",1,1,TRUE,"noisy1",78
2,"f",1,2,TRUE,"test_volume",110
2,"f",1,2,TRUE,"predictor1",108
2,"f",1,2,TRUE,"noisy1",126
3,"f",1,3,TRUE,"test_volume",89
3,"f",1,3,TRUE,"predictor1",65
3,"f",1,3,TRUE,"noisy1",86
4,"f",1,4,TRUE,"test_volume",71
4,"f",1,4,TRUE,"predictor1",72
4,"f",1,4,TRUE,"noisy1",65
5,"f",1,5,TRUE,"test_volume",59
5,"f",1,5,TRUE,"predictor1",54
5,"f",1,5,TRUE,"noisy1",105
6,"f",1,6,TRUE,"test_volume",75
6,"f",1,6,TRUE,"predictor1",66
6,"f",1,6,TRUE,"noisy1",99
7,"f",1,7,TRUE,"test_volume",63
7,"f",1,7,TRUE,"predictor1",55
7,"f",1,7,TRUE,"noisy1",103
8,"f",1,8,TRUE,"test_volume",59
8,"f",1,8,TRUE,"predictor1",58
8,"f",1,8,TRUE,"noisy1",90
9,"f",1,9,TRUE,"test_volume",101
9,"f",1,9,TRUE,"predictor1",70
9,"f",1,9,TRUE,"noisy1",80
10,"f",1,10,TRUE,"test_volume",119
10,"f",1,10,TRUE,"predictor1",120
10,"f",1,10,TRUE,"noisy1",104
11,"f",1,11,TRUE,"test_volume",123
11,"f",1,11,TRUE,"predictor1",113
11,"f",1,11,TRUE,"noisy1",84
12,"f",1,12,TRUE,"test_volume",167
12,"f",1,12,TRUE,"predictor1",195
12,"f",1,12,TRUE,"noisy1",87
13,"f",2,1,TRUE,"test_volume",155
13,"f",2,1,TRUE,"predictor1",153
13,"f",2,1,TRUE,"noisy1",106
14,"f",2,2,TRUE,"test_volume",152
14,"f",2,2,TRUE,"predictor1",179
14,"f",2,2,TRUE,"noisy1",120
15,"f",2,3,TRUE,"test_volume",133
15,"f",2,3,TRUE,"predictor1",131
15,"f",2,3,TRUE,"noisy1",94
16,"f",2,4,TRUE,"test_volume",117
16,"f",2,4,TRUE,"predictor1",118
16,"f",2,4,TRUE,"noisy1",80
17,"f",2,5,TRUE,"test_volume",61
17,"f",2,5,TRUE,"predictor1",57
17,"f",2,5,TRUE,"noisy1",80
18,"f",2,6,TRUE,"test_volume",18
18,"f",2,6,TRUE,"predictor1",10
18,"f",2,6,TRUE,"noisy1",143
19,"f",2,7,TRUE,"test_volume",47
19,"f",2,7,TRUE,"predictor1",17
19,"f",2,7,TRUE,"noisy1",102
20,"f",2,8,TRUE,"test_volume",59
20,"f",2,8,TRUE,"predictor1",65
20,"f",2,8,TRUE,"noisy1",79
21,"f",2,9,TRUE,"test_volume",124
21,"f",2,9,TRUE,"predictor1",173
21,"f",2,9,TRUE,"noisy1",113
22,"f",2,10,TRUE,"test_volume",99
22,"f",2,10,TRUE,"predictor1",83
22,"f",2,10,TRUE,"noisy1",96
23,"f",2,11,TRUE,"test_volume",117
23,"f",2,11,TRUE,"predictor1",131
23,"f",2,11,TRUE,"noisy1",75
24,"f",2,12,TRUE,"test_volume",146
24,"f",2,12,TRUE,"predictor1",177
24,"f",2,12,TRUE,"noisy1",87
25,"f",3,1,TRUE,"test_volume",136
25,"f",3,1,TRUE,"predictor1",102
25,"f",3,1,TRUE,"noisy1",82
26,"f",3,2,TRUE,"test_volume",133
26,"f",3,2,TRUE,"predictor1",122
26,"f",3,2,TRUE,"noisy1",82
27,"f",3,3,TRUE,"test_volume",160
27,"f",3,3,TRUE,"predictor1",158
27,"f",3,3,TRUE,"noisy1",87
28,"f",3,4,TRUE,"test_volume",98
28,"f",3,4,TRUE,"predictor1",93
28,"f",3,4,TRUE,"noisy1",111
29,"f",3,5,TRUE,"test_volume",67
29,"f",3,5,TRUE,"predictor1",74
29,"f",3,5,TRUE,"noisy1",115
30,"f",3,6,TRUE,"test_volume",65
30,"f",3,6,TRUE,"predictor1",42
30,"f",3,6,TRUE,"noisy1",110
31,"f",3,7,TRUE,"test_volume",52
31,"f",3,7,TRUE,"predictor1",11
31,"f",3,7,TRUE,"noisy1",103
32,"f",3,8,TRUE,"test_volume",64
32,"f",3,8,TRUE,"predictor1",74
32,"f",3,8,TRUE,"noisy1",107
33,"f",3,9,TRUE,"test_volume",134
33,"f",3,9,TRUE,"predictor1",100
33,"f",3,9,TRUE,"noisy1",109
34,"f",3,10,TRUE,"test_volume",165
34,"f",3,10,TRUE,"predictor1",186
34,"f",3,10,TRUE,"noisy1",90
35,"f",3,11,TRUE,"test_volume",163
35,"f",3,11,TRUE,"predictor1",153
35,"f",3,11,TRUE,"noisy1",112
36,"f",3,12,TRUE,"test_volume",167
36,"f",3,12,TRUE,"predictor1",169
36,"f",3,12,TRUE,"noisy1",91
37,"f",4,1,FALSE,"predictor1",102
37,"f",4,1,FALSE,"noisy1",77
38,"f",4,2,FALSE,"predictor1",122
38,"f",4,2,FALSE,"noisy1",92
39,"f",4,3,FALSE,"predictor1",158
39,"f",4,3,FALSE,"noisy1",79
40,"f",4,4,FALSE,"predictor1",93
40,"f",4,4,FALSE,"noisy1",117
41,"f",4,5,FALSE,"predictor1",74
41,"f",4,5,FALSE,"noisy1",122
42,"f",4,6,FALSE,"predictor1",42
42,"f",4,6,FALSE,"noisy1",82
43,"f",4,7,FALSE,"predictor1",11
43,"f",4,7,FALSE,"noisy1",81
44,"f",4,8,FALSE,"predictor1",74
44,"f",4,8,FALSE,"noisy1",118
45,"f",4,9,FALSE,"predictor1",100
45,"f",4,9,FALSE,"noisy1",82
46,"f",4,10,FALSE,"predictor1",186
46,"f",4,10,FALSE,"noisy1",112
47,"f",4,11,FALSE,"predictor1",153
47,"f",4,11,FALSE,"noisy1",107
48,"f",4,12,FALSE,"predictor1",169
48,"f",4,12,FALSE,"noisy1",136
1,"g",1,1,TRUE,"test_volume",119
1,"g",1,1,TRUE,"predictor1",129
1,"g",1,1,TRUE,"noisy1",141
2,"g",1,2,TRUE,"test_volume",107
2,"g",1,2,TRUE,"predictor1",125
2,"g",1,2,TRUE,"noisy1",119
3,"g",1,3,TRUE,"test_volume",128
3,"g",1,3,TRUE,"predictor1",91
3,"g",1,3,TRUE,"noisy1",63
4,"g",1,4,TRUE,"test_volume",85
4,"g",1,4,TRUE,"predictor1",98
4,"g",1,4,TRUE,"noisy1",112
5,"g",1,5,TRUE,"test_volume",106
5,"g",1,5,TRUE,"predictor1",138
5,"g",1,5,TRUE,"noisy1",123
6,"g",1,6,TRUE,"test_volume",129
6,"g",1,6,TRUE,"predictor1",103
6,"g",1,6,TRUE,"noisy1",97
7,"g",1,7,TRUE,"test_volume",85
7,"g",1,7,TRUE,"predictor1",59
7,"g",1,7,TRUE,"noisy1",96
8,"g",1,8,TRUE,"test_volume",151
8,"g",1,8,TRUE,"predictor1",143
8,"g",1,8,TRUE,"noisy1",117
9,"g",1,9,TRUE,"test_volume",79
9,"g",1,9,TRUE,"predictor1",101
9,"g",1,9,TRUE,"noisy1",117
10,"g",1,10,TRUE,"test_volume",112
10,"g",1,10,TRUE,"predictor1",70
10,"g",1,10,TRUE,"noisy1",154
11,"g",1,11,TRUE,"test_volume",86
11,"g",1,11,TRUE,"predictor1",74
11,"g",1,11,TRUE,"noisy1",80
12,"g",1,12,TRUE,"test_volume",99
12,"g",1,12,TRUE,"predictor1",90
12,"g",1,12,TRUE,"noisy1",101
13,"g",2,1,TRUE,"test_volume",133
13,"g",2,1,TRUE,"predictor1",132
13,"g",2,1,TRUE,"noisy1",100
14,"g",2,2,TRUE,"test_volume",102
14,"g",2,2,TRUE,"predictor1",120
14,"g",2,2,TRUE,"noisy1",113
15,"g",2,3,TRUE,"test_volume",125
15,"g",2,3,TRUE,"predictor1",129
15,"g",2,3,TRUE,"noisy1",101
16,"g",2,4,TRUE,"test_volume",115
16,"g",2,4,TRUE,"predictor1",88
16,"g",2,4,TRUE,"noisy1",81
17,"g",2,5,TRUE,"test_volume",133
17,"g",2,5,TRUE,"predictor1",124
17,"g",2,5,TRUE,"noisy1",77
18,"g",2,6,TRUE,"test_volume",144
18,"g",2,6,TRUE,"predictor1",162
18,"g",2,6,TRUE,"noisy1",96
19,"g",2,7,TRUE,"test_volume",158
19,"g",2,7,TRUE,"predictor1",148
19,"g",2,7,TRUE,"noisy1",78
20,"g",2,8,TRUE,"test_volume",130
20,"g",2,8,TRUE,"predictor1",128
20,"g",2,8,TRUE,"noisy1",118
21,"g",2,9,TRUE,"test_volume",148
21,"g",2,9,TRUE,"predictor1",172
21,"g",2,9,TRUE,"noisy1",79
22,"g",2,10,TRUE,"test_volume",116
22,"g",2,10,TRUE,"predictor1",98
22,"g",2,10,TRUE,"noisy1",119
23,"g",2,11,TRUE,"test_volume",120
23,"g",2,11,TRUE,"predictor1",141
23,"g",2,11,TRUE,"noisy1",54
24,"g",2,12,TRUE,"test_volume",136
24,"g",2,12,TRUE,"predictor1",99
24,"g",2,12,TRUE,"noisy1",84
25,"g",3,1,TRUE,"test_volume",126
25,"g",3,1,TRUE,"predictor1",114
25,"g",3,1,TRUE,"noisy1",104
26,"g",3,2,TRUE,"test_volume",148
26,"g",3,2,TRUE,"predictor1",123
26,"g",3,2,TRUE,"noisy1",78
27,"g",3,3,TRUE,"test_volume",131
27,"g",3,3,TRUE,"predictor1",164
27,"g",3,3,TRUE,"noisy1",106
28,"g",3,4,TRUE,"test_volume",175
28,"g",3,4,TRUE,"predictor1",182
28,"g",3,4,TRUE,"noisy1",106
29,"g",3,5,TRUE,"test_volume",122
29,"g",3,5,TRUE,"predictor1",138
29,"g",3,5,TRUE,"noisy1",70
30,"g",3,6,TRUE,"test_volume",210
30,"g",3,6,TRUE,"predictor1",191
30,"g",3,6,TRUE,"noisy1",113
31,"g",3,7,TRUE,"test_volume",156
31,"g",3,7,TRUE,"predictor1",149
31,"g",3,7,TRUE,"noisy1",73
32,"g",3,8,TRUE,"test_volume",146
32,"g",3,8,TRUE,"predictor1",154
32,"g",3,8,TRUE,"noisy1",96
33,"g",3,9,TRUE,"test_volume",171
33,"g",3,9,TRUE,"predictor1",175
33,"g",3,9,TRUE,"noisy1",112
34,"g",3,10,TRUE,"test_volume",170
34,"g",3,10,TRUE,"predictor1",167
34,"g",3,10,TRUE,"noisy1",80
35,"g",3,11,TRUE,"test_volume",143
35,"g",3,11,TRUE,"predictor1",163
35,"g",3,11,TRUE,"noisy1",142
36,"g",3,12,TRUE,"test_volume",125
36,"g",3,12,TRUE,"predictor1",120
36,"g",3,12,TRUE,"noisy1",94
37,"g",4,1,FALSE,"predictor1",114
37,"g",4,1,FALSE,"noisy1",130
38,"g",4,2,FALSE,"predictor1",123
38,"g",4,2,FALSE,"noisy1",112
39,"g",4,3,FALSE,"predictor1",164
39,"g",4,3,FALSE,"noisy1",94
40,"g",4,4,FALSE,"predictor1",182
40,"g",4,4,FALSE,"noisy1",87
41,"g",4,5,FALSE,"predictor1",138
41,"g",4,5,FALSE,"noisy1",109
42,"g",4,6,FALSE,"predictor1",191
42,"g",4,6,FALSE,"noisy1",85
43,"g",4,7,FALSE,"predictor1",149
43,"g",4,7,FALSE,"noisy1",58
44,"g",4,8,FALSE,"predictor1",154
44,"g",4,8,FALSE,"noisy1",136
45,"g",4,9,FALSE,"predictor1",175
45,"g",4,9,FALSE,"noisy1",110
46,"g",4,10,FALSE,"predictor1",167
46,"g",4,10,FALSE,"noisy1",98
47,"g",4,11,FALSE,"predictor1",163
47,"g",4,11,FALSE,"noisy1",80
48,"g",4,12,FALSE,"predictor1",120
48,"g",4,12,FALSE,"noisy1",133
1,"h",1,1,TRUE,"test_volume",106
1,"h",1,1,TRUE,"predictor1",101
1,"h",1,1,TRUE,"noisy1",94
2,"h",1,2,TRUE,"test_volume",84
2,"h",1,2,TRUE,"predictor1",95
2,"h",1,2,TRUE,"noisy1",106
3,"h",1,3,TRUE,"test_volume",101
3,"h",1,3,TRUE,"predictor1",109
3,"h",1,3,TRUE,"noisy1",107
4,"h",1,4,TRUE,"test_volume",121
4,"h",1,4,TRUE,"predictor1",115
4,"h",1,4,TRUE,"noisy1",107
5,"h",1,5,TRUE,"test_volume",83
5,"h",1,5,TRUE,"predictor1",110
5,"h",1,5,TRUE,"noisy1",119
6,"h",1,6,TRUE,"test_volume",119
6,"h",1,6,TRUE,"predictor1",106
6,"h",1,6,TRUE,"noisy1",100
7,"h",1,7,TRUE,"test_volume",102
7,"h",1,7,TRUE,"predictor1",96
7,"h",1,7,TRUE,"noisy1",90
8,"h",1,8,TRUE,"test_volume",113
8,"h",1,8,TRUE,"predictor1",116
8,"h",1,8,TRUE,"noisy1",99
9,"h",1,9,TRUE,"test_volume",102
9,"h",1,9,TRUE,"predictor1",128
9,"h",1,9,TRUE,"noisy1",104
10,"h",1,10,TRUE,"test_volume",85
10,"h",1,10,TRUE,"predictor1",85
10,"h",1,10,TRUE,"noisy1",87
11,"h",1,11,TRUE,"test_volume",91
11,"h",1,11,TRUE,"predictor1",26
11,"h",1,11,TRUE,"noisy1",102
12,"h",1,12,TRUE,"test_volume",115
12,"h",1,12,TRUE,"predictor1",130
12,"h",1,12,TRUE,"noisy1",87
13,"h",2,1,TRUE,"test_volume",86
13,"h",2,1,TRUE,"predictor1",89
13,"h",2,1,TRUE,"noisy1",128
14,"h",2,2,TRUE,"test_volume",133
14,"h",2,2,TRUE,"predictor1",131
14,"h",2,2,TRUE,"noisy1",113
15,"h",2,3,TRUE,"test_volume",103
15,"h",2,3,TRUE,"predictor1",107
15,"h",2,3,TRUE,"noisy1",125
16,"h",2,4,TRUE,"test_volume",92
16,"h",2,4,TRUE,"predictor1",107
16,"h",2,4,TRUE,"noisy1",86
17,"h",2,5,TRUE,"test_volume",85
17,"h",2,5,TRUE,"predictor1",71
17,"h",2,5,TRUE,"noisy1",99
18,"h",2,6,TRUE,"test_volume",97
18,"h",2,6,TRUE,"predictor1",109
18,"h",2,6,TRUE,"noisy1",144
19,"h",2,7,TRUE,"test_volume",110
19,"h",2,7,TRUE,"predictor1",103
19,"h",2,7,TRUE,"noisy1",116
20,"h",2,8,TRUE,"test_volume",99
20,"h",2,8,TRUE,"predictor1",122
20,"h",2,8,TRUE,"noisy1",77
21,"h",2,9,TRUE,"test_volume",56
21,"h",2,9,TRUE,"predictor1",20
21,"h",2,9,TRUE,"noisy1",79
22,"h",2,10,TRUE,"test_volume",87
22,"h",2,10,TRUE,"predictor1",62
22,"h",2,10,TRUE,"noisy1",71
23,"h",2,11,TRUE,"test_volume",98
23,"h",2,11,TRUE,"predictor1",77
23,"h",2,11,TRUE,"noisy1",157
24,"h",2,12,TRUE,"test_volume",115
24,"h",2,12,TRUE,"predictor1",119
24,"h",2,12,TRUE,"noisy1",98
25,"h",3,1,TRUE,"test_volume",93
25,"h",3,1,TRUE,"predictor1",90
25,"h",3,1,TRUE,"noisy1",115
26,"h",3,2,TRUE,"test_volume",92
26,"h",3,2,TRUE,"predictor1",103
26,"h",3,2,TRUE,"noisy1",86
27,"h",3,3,TRUE,"test_volume",101
27,"h",3,3,TRUE,"predictor1",125
27,"h",3,3,TRUE,"noisy1",89
28,"h",3,4,TRUE,"test_volume",94
28,"h",3,4,TRUE,"predictor1",63
28,"h",3,4,TRUE,"noisy1",88
29,"h",3,5,TRUE,"test_volume",71
29,"h",3,5,TRUE,"predictor1",48
29,"h",3,5,TRUE,"noisy1",71
30,"h",3,6,TRUE,"test_volume",109
30,"h",3,6,TRUE,"predictor1",142
30,"h",3,6,TRUE,"noisy1",98
31,"h",3,7,TRUE,"test_volume",129
31,"h",3,7,TRUE,"predictor1",149
31,"h",3,7,TRUE,"noisy1",66
32,"h",3,8,TRUE,"test_volume",119
32,"h",3,8,TRUE,"predictor1",127
32,"h",3,8,TRUE,"noisy1",69
33,"h",3,9,TRUE,"test_volume",109
33,"h",3,9,TRUE,"predictor1",94
33,"h",3,9,TRUE,"noisy1",88
34,"h",3,10,TRUE,"test_volume",97
34,"h",3,10,TRUE,"predictor1",108
34,"h",3,10,TRUE,"noisy1",108
35,"h",3,11,TRUE,"test_volume",71
35,"h",3,11,TRUE,"predictor1",58
35,"h",3,11,TRUE,"noisy1",116
36,"h",3,12,TRUE,"test_volume",100
36,"h",3,12,TRUE,"predictor1",69
36,"h",3,12,TRUE,"noisy1",88
37,"h",4,1,FALSE,"predictor1",90
37,"h",4,1,FALSE,"noisy1",94
38,"h",4,2,FALSE,"predictor1",103
38,"h",4,2,FALSE,"noisy1",94
39,"h",4,3,FALSE,"predictor1",125
39,"h",4,3,FALSE,"noisy1",72
40,"h",4,4,FALSE,"predictor1",63
40,"h",4,4,FALSE,"noisy1",108
41,"h",4,5,FALSE,"predictor1",48
41,"h",4,5,FALSE,"noisy1",104
42,"h",4,6,FALSE,"predictor1",142
42,"h",4,6,FALSE,"noisy1",149
43,"h",4,7,FALSE,"predictor1",149
43,"h",4,7,FALSE,"noisy1",126
44,"h",4,8,FALSE,"predictor1",127
44,"h",4,8,FALSE,"noisy1",56
45,"h",4,9,FALSE,"predictor1",94
45,"h",4,9,FALSE,"noisy1",116
46,"h",4,10,FALSE,"predictor1",108
46,"h",4,10,FALSE,"noisy1",110
47,"h",4,11,FALSE,"predictor1",58
47,"h",4,11,FALSE,"noisy1",74
48,"h",4,12,FALSE,"predictor1",69
48,"h",4,12,FALSE,"noisy1",114
1,"i",1,1,TRUE,"test_volume",183
1,"i",1,1,TRUE,"predictor2",107
1,"i",1,1,TRUE,"predictor1",106
2,"i",1,2,TRUE,"test_volume",117
2,"i",1,2,TRUE,"predictor2",35
2,"i",1,2,TRUE,"predictor1",72
3,"i",1,3,TRUE,"test_volume",145
3,"i",1,3,TRUE,"predictor2",75
3,"i",1,3,TRUE,"predictor1",102
4,"i",1,4,TRUE,"test_volume",117
4,"i",1,4,TRUE,"predictor2",17
4,"i",1,4,TRUE,"predictor1",49
5,"i",1,5,TRUE,"test_volume",70
5,"i",1,5,TRUE,"predictor2",80
5,"i",1,5,TRUE,"predictor1",24
6,"i",1,6,TRUE,"test_volume",42
6,"i",1,6,TRUE,"predictor2",23
6,"i",1,6,TRUE,"predictor1",2
7,"i",1,7,TRUE,"test_volume",63
7,"i",1,7,TRUE,"predictor2",70
7,"i",1,7,TRUE,"predictor1",14
8,"i",1,8,TRUE,"test_volume",98
8,"i",1,8,TRUE,"predictor2",51
8,"i",1,8,TRUE,"predictor1",45
9,"i",1,9,TRUE,"test_volume",88
9,"i",1,9,TRUE,"predictor2",69
9,"i",1,9,TRUE,"predictor1",29
10,"i",1,10,TRUE,"test_volume",133
10,"i",1,10,TRUE,"predictor2",44
10,"i",1,10,TRUE,"predictor1",85
11,"i",1,11,TRUE,"test_volume",130
11,"i",1,11,TRUE,"predictor2",124
11,"i",1,11,TRUE,"predictor1",9
12,"i",1,12,TRUE,"test_volume",152
12,"i",1,12,TRUE,"predictor2",140
12,"i",1,12,TRUE,"predictor1",45
13,"i",2,1,TRUE,"test_volume",156
13,"i",2,1,TRUE,"predictor2",92
13,"i",2,1,TRUE,"predictor1",22
14,"i",2,2,TRUE,"test_volume",164
14,"i",2,2,TRUE,"predictor2",140
14,"i",2,2,TRUE,"predictor1",24
15,"i",2,3,TRUE,"test_volume",166
15,"i",2,3,TRUE,"predictor2",6
15,"i",2,3,TRUE,"predictor1",164
16,"i",2,4,TRUE,"test_volume",120
16,"i",2,4,TRUE,"predictor2",119
16,"i",2,4,TRUE,"predictor1",2
17,"i",2,5,TRUE,"test_volume",128
17,"i",2,5,TRUE,"predictor2",48
17,"i",2,5,TRUE,"predictor1",94
18,"i",2,6,TRUE,"test_volume",82
18,"i",2,6,TRUE,"predictor2",2
18,"i",2,6,TRUE,"predictor1",59
19,"i",2,7,TRUE,"test_volume",88
19,"i",2,7,TRUE,"predictor2",70
19,"i",2,7,TRUE,"predictor1",6
20,"i",2,8,TRUE,"test_volume",98
20,"i",2,8,TRUE,"predictor2",34
20,"i",2,8,TRUE,"predictor1",48
21,"i",2,9,TRUE,"test_volume",140
21,"i",2,9,TRUE,"predictor2",59
21,"i",2,9,TRUE,"predictor1",89
22,"i",2,10,TRUE,"test_volume",139
22,"i",2,10,TRUE,"predictor2",81
22,"i",2,10,TRUE,"predictor1",40
23,"i",2,11,TRUE,"test_volume",204
23,"i",2,11,TRUE,"predictor2",69
23,"i",2,11,TRUE,"predictor1",113
24,"i",2,12,TRUE,"test_volume",165
24,"i",2,12,TRUE,"predictor2",63
24,"i",2,12,TRUE,"predictor1",74
25,"i",3,1,TRUE,"test_volume",196
25,"i",3,1,TRUE,"predictor2",132
25,"i",3,1,TRUE,"predictor1",70
26,"i",3,2,TRUE,"test_volume",181
26,"i",3,2,TRUE,"predictor2",140
26,"i",3,2,TRUE,"predictor1",47
27,"i",3,3,TRUE,"test_volume",156
27,"i",3,3,TRUE,"predictor2",34
27,"i",3,3,TRUE,"predictor1",94
28,"i",3,4,TRUE,"test_volume",169
28,"i",3,4,TRUE,"predictor2",91
28,"i",3,4,TRUE,"predictor1",83
29,"i",3,5,TRUE,"test_volume",87
29,"i",3,5,TRUE,"predictor2",36
29,"i",3,5,TRUE,"predictor1",46
30,"i",3,6,TRUE,"test_volume",123
30,"i",3,6,TRUE,"predictor2",14
30,"i",3,6,TRUE,"predictor1",94
31,"i",3,7,TRUE,"test_volume",118
31,"i",3,7,TRUE,"predictor2",49
31,"i",3,7,TRUE,"predictor1",75
32,"i",3,8,TRUE,"test_volume",131
32,"i",3,8,TRUE,"predictor2",71
32,"i",3,8,TRUE,"predictor1",47
33,"i",3,9,TRUE,"test_volume",157
33,"i",3,9,TRUE,"predictor2",2
33,"i",3,9,TRUE,"predictor1",180
34,"i",3,10,TRUE,"test_volume",167
34,"i",3,10,TRUE,"predictor2",13
34,"i",3,10,TRUE,"predictor1",178
35,"i",3,11,TRUE,"test_volume",180
35,"i",3,11,TRUE,"predictor2",104
35,"i",3,11,TRUE,"predictor1",71
36,"i",3,12,TRUE,"test_volume",206
36,"i",3,12,TRUE,"predictor2",143
36,"i",3,12,TRUE,"predictor1",19
37,"i",4,1,FALSE,"predictor2",77
37,"i",4,1,FALSE,"predictor1",125
38,"i",4,2,FALSE,"predictor2",47
38,"i",4,2,FALSE,"predictor1",140
39,"i",4,3,FALSE,"predictor2",44
39,"i",4,3,FALSE,"predictor1",84
40,"i",4,4,FALSE,"predictor2",17
40,"i",4,4,FALSE,"predictor1",157
41,"i",4,5,FALSE,"predictor2",34
41,"i",4,5,FALSE,"predictor1",48
42,"i",4,6,FALSE,"predictor2",69
42,"i",4,6,FALSE,"predictor1",39
43,"i",4,7,FALSE,"predictor2",34
43,"i",4,7,FALSE,"predictor1",90
44,"i",4,8,FALSE,"predictor2",40
44,"i",4,8,FALSE,"predictor1",78
45,"i",4,9,FALSE,"predictor2",124
45,"i",4,9,FALSE,"predictor1",58
46,"i",4,10,FALSE,"predictor2",187
46,"i",4,10,FALSE,"predictor1",4
47,"i",4,11,FALSE,"predictor2",170
47,"i",4,11,FALSE,"predictor1",5
48,"i",4,12,FALSE,"predictor2",152
48,"i",4,12,FALSE,"predictor1",10
1,"j",1,1,TRUE,"test_volume",127
1,"j",1,1,TRUE,"predictor2",89
1,"j",1,1,TRUE,"predictor1",29
2,"j",1,2,TRUE,"test_volume",153
2,"j",1,2,TRUE,"predictor2",87
2,"j",1,2,TRUE,"predictor1",88
3,"j",1,3,TRUE,"test_volume",85
3,"j",1,3,TRUE,"predictor2",94
3,"j",1,3,TRUE,"predictor1",3
4,"j",1,4,TRUE,"test_volume",97
4,"j",1,4,TRUE,"predictor2",52
4,"j",1,4,TRUE,"predictor1",32
5,"j",1,5,TRUE,"test_volume",66
5,"j",1,5,TRUE,"predictor2",2
5,"j",1,5,TRUE,"predictor1",76
6,"j",1,6,TRUE,"test_volume",90
6,"j",1,6,TRUE,"predictor2",17
6,"j",1,6,TRUE,"predictor1",59
7,"j",1,7,TRUE,"test_volume",63
7,"j",1,7,TRUE,"predictor2",5
7,"j",1,7,TRUE,"predictor1",21
8,"j",1,8,TRUE,"test_volume",64
8,"j",1,8,TRUE,"predictor2",27
8,"j",1,8,TRUE,"predictor1",37
9,"j",1,9,TRUE,"test_volume",129
9,"j",1,9,TRUE,"predictor2",62
9,"j",1,9,TRUE,"predictor1",40
10,"j",1,10,TRUE,"test_volume",131
10,"j",1,10,TRUE,"predictor2",62
10,"j",1,10,TRUE,"predictor1",80
11,"j",1,11,TRUE,"test_volume",108
11,"j",1,11,TRUE,"predictor2",46
11,"j",1,11,TRUE,"predictor1",38
12,"j",1,12,TRUE,"test_volume",115
12,"j",1,12,TRUE,"predictor2",20
12,"j",1,12,TRUE,"predictor1",86
13,"j",2,1,TRUE,"test_volume",140
13,"j",2,1,TRUE,"predictor2",83
13,"j",2,1,TRUE,"predictor1",93
14,"j",2,2,TRUE,"test_volume",114
14,"j",2,2,TRUE,"predictor2",80
14,"j",2,2,TRUE,"predictor1",29
15,"j",2,3,TRUE,"test_volume",130
15,"j",2,3,TRUE,"predictor2",10
15,"j",2,3,TRUE,"predictor1",81
16,"j",2,4,TRUE,"test_volume",106
16,"j",2,4,TRUE,"predictor2",72
16,"j",2,4,TRUE,"predictor1",34
17,"j",2,5,TRUE,"test_volume",97
17,"j",2,5,TRUE,"predictor2",38
17,"j",2,5,TRUE,"predictor1",25
18,"j",2,6,TRUE,"test_volume",19
18,"j",2,6,TRUE,"predictor2",5
18,"j",2,6,TRUE,"predictor1",17
19,"j",2,7,TRUE,"test_volume",67
19,"j",2,7,TRUE,"predictor2",42
19,"j",2,7,TRUE,"predictor1",33
20,"j",2,8,TRUE,"test_volume",81
20,"j",2,8,TRUE,"predictor2",67
20,"j",2,8,TRUE,"predictor1",13
21,"j",2,9,TRUE,"test_volume",60
21,"j",2,9,TRUE,"predictor2",69
21,"j",2,9,TRUE,"predictor1",13
22,"j",2,10,TRUE,"test_volume",120
22,"j",2,10,TRUE,"predictor2",111
22,"j",2,10,TRUE,"predictor1",17
23,"j",2,11,TRUE,"test_volume",105
23,"j",2,11,TRUE,"predictor2",45
23,"j",2,11,TRUE,"predictor1",73
24,"j",2,12,TRUE,"test_volume",130
24,"j",2,12,TRUE,"predictor2",73
24,"j",2,12,TRUE,"predictor1",50
25,"j",3,1,TRUE,"test_volume",141
25,"j",3,1,TRUE,"predictor2",127
25,"j",3,1,TRUE,"predictor1",36
26,"j",3,2,TRUE,"test_volume",148
26,"j",3,2,TRUE,"predictor2",108
26,"j",3,2,TRUE,"predictor1",21
27,"j",3,3,TRUE,"test_volume",110
27,"j",3,3,TRUE,"predictor2",32
27,"j",3,3,TRUE,"predictor1",59
28,"j",3,4,TRUE,"test_volume",111
28,"j",3,4,TRUE,"predictor2",14
28,"j",3,4,TRUE,"predictor1",91
29,"j",3,5,TRUE,"test_volume",119
29,"j",3,5,TRUE,"predictor2",93
29,"j",3,5,TRUE,"predictor1",65
30,"j",3,6,TRUE,"test_volume",22
30,"j",3,6,TRUE,"predictor2",22
30,"j",3,6,TRUE,"predictor1",19
31,"j",3,7,TRUE,"test_volume",88
31,"j",3,7,TRUE,"predictor2",25
31,"j",3,7,TRUE,"predictor1",52
32,"j",3,8,TRUE,"test_volume",37
32,"j",3,8,TRUE,"predictor2",11
32,"j",3,8,TRUE,"predictor1",36
33,"j",3,9,TRUE,"test_volume",91
33,"j",3,9,TRUE,"predictor2",31
33,"j",3,9,TRUE,"predictor1",53
34,"j",3,10,TRUE,"test_volume",152
34,"j",3,10,TRUE,"predictor2",78
34,"j",3,10,TRUE,"predictor1",62
35,"j",3,11,TRUE,"test_volume",135
35,"j",3,11,TRUE,"predictor2",87
35,"j",3,11,TRUE,"predictor1",59
36,"j",3,12,TRUE,"test_volume",115
36,"j",3,12,TRUE,"predictor2",74
36,"j",3,12,TRUE,"predictor1",1
37,"j",4,1,FALSE,"predictor2",73
37,"j",4,1,FALSE,"predictor1",90
38,"j",4,2,FALSE,"predictor2",116
38,"j",4,2,FALSE,"predictor1",13
39,"j",4,3,FALSE,"predictor2",41
39,"j",4,3,FALSE,"predictor1",50
40,"j",4,4,FALSE,"predictor2",96
40,"j",4,4,FALSE,"predictor1",9
41,"j",4,5,FALSE,"predictor2",54
41,"j",4,5,FALSE,"predictor1",104
42,"j",4,6,FALSE,"predictor2",22
42,"j",4,6,FALSE,"predictor1",19
43,"j",4,7,FALSE,"predictor2",38
43,"j",4,7,FALSE,"predictor1",39
44,"j",4,8,FALSE,"predictor2",28
44,"j",4,8,FALSE,"predictor1",19
45,"j",4,9,FALSE,"predictor2",30
45,"j",4,9,FALSE,"predictor1",54
46,"j",4,10,FALSE,"predictor2",67
46,"j",4,10,FALSE,"predictor1",73
47,"j",4,11,FALSE,"predictor2",76
47,"j",4,11,FALSE,"predictor1",70
48,"j",4,12,FALSE,"predictor2",5
48,"j",4,12,FALSE,"predictor1",70
1,"k",1,1,TRUE,"test_volume",90
1,"k",1,1,TRUE,"predictor2",60
1,"k",1,1,TRUE,"predictor1",38
2,"k",1,2,TRUE,"test_volume",111
2,"k",1,2,TRUE,"predictor2",70
2,"k",1,2,TRUE,"predictor1",38
3,"k",1,3,TRUE,"test_volume",109
3,"k",1,3,TRUE,"predictor2",93
3,"k",1,3,TRUE,"predictor1",4
4,"k",1,4,TRUE,"test_volume",156
4,"k",1,4,TRUE,"predictor2",51
4,"k",1,4,TRUE,"predictor1",86
5,"k",1,5,TRUE,"test_volume",125
5,"k",1,5,TRUE,"predictor2",93
5,"k",1,5,TRUE,"predictor1",14
6,"k",1,6,TRUE,"test_volume",95
6,"k",1,6,TRUE,"predictor2",48
6,"k",1,6,TRUE,"predictor1",15
7,"k",1,7,TRUE,"test_volume",95
7,"k",1,7,TRUE,"predictor2",28
7,"k",1,7,TRUE,"predictor1",36
8,"k",1,8,TRUE,"test_volume",115
8,"k",1,8,TRUE,"predictor2",84
8,"k",1,8,TRUE,"predictor1",10
9,"k",1,9,TRUE,"test_volume",134
9,"k",1,9,TRUE,"predictor2",60
9,"k",1,9,TRUE,"predictor1",69
10,"k",1,10,TRUE,"test_volume",117
10,"k",1,10,TRUE,"predictor2",34
10,"k",1,10,TRUE,"predictor1",66
11,"k",1,11,TRUE,"test_volume",123
11,"k",1,11,TRUE,"predictor2",88
11,"k",1,11,TRUE,"predictor1",29
12,"k",1,12,TRUE,"test_volume",123
12,"k",1,12,TRUE,"predictor2",80
12,"k",1,12,TRUE,"predictor1",43
13,"k",2,1,TRUE,"test_volume",112
13,"k",2,1,TRUE,"predictor2",42
13,"k",2,1,TRUE,"predictor1",73
14,"k",2,2,TRUE,"test_volume",116
14,"k",2,2,TRUE,"predictor2",59
14,"k",2,2,TRUE,"predictor1",55
15,"k",2,3,TRUE,"test_volume",106
15,"k",2,3,TRUE,"predictor2",43
15,"k",2,3,TRUE,"predictor1",70
16,"k",2,4,TRUE,"test_volume",102
16,"k",2,4,TRUE,"predictor2",50
16,"k",2,4,TRUE,"predictor1",69
17,"k",2,5,TRUE,"test_volume",87
17,"k",2,5,TRUE,"predictor2",31
17,"k",2,5,TRUE,"predictor1",25
18,"k",2,6,TRUE,"test_volume",107
18,"k",2,6,TRUE,"predictor2",23
18,"k",2,6,TRUE,"predictor1",66
19,"k",2,7,TRUE,"test_volume",133
19,"k",2,7,TRUE,"predictor2",22
19,"k",2,7,TRUE,"predictor1",139
20,"k",2,8,TRUE,"test_volume",139
20,"k",2,8,TRUE,"predictor2",71
20,"k",2,8,TRUE,"predictor1",70
21,"k",2,9,TRUE,"test_volume",146
21,"k",2,9,TRUE,"predictor2",28
21,"k",2,9,TRUE,"predictor1",92
22,"k",2,10,TRUE,"test_volume",95
22,"k",2,10,TRUE,"predictor2",35
22,"k",2,10,TRUE,"predictor1",58
23,"k",2,11,TRUE,"test_volume",157
23,"k",2,11,TRUE,"predictor2",72
23,"k",2,11,TRUE,"predictor1",114
24,"k",2,12,TRUE,"test_volume",152
24,"k",2,12,TRUE,"predictor2",47
24,"k",2,12,TRUE,"predictor1",80
25,"k",3,1,TRUE,"test_volume",151
25,"k",3,1,TRUE,"predictor2",126
25,"k",3,1,TRUE,"predictor1",36
26,"k",3,2,TRUE,"test_volume",157
26,"k",3,2,TRUE,"predictor2",110
26,"k",3,2,TRUE,"predictor1",46
27,"k",3,3,TRUE,"test_volume",130
27,"k",3,3,TRUE,"predictor2",103
27,"k",3,3,TRUE,"predictor1",36
28,"k",3,4,TRUE,"test_volume",185
28,"k",3,4,TRUE,"predictor2",15
28,"k",3,4,TRUE,"predictor1",140
29,"k",3,5,TRUE,"test_volume",152
29,"k",3,5,TRUE,"predictor2",8
29,"k",3,5,TRUE,"predictor1",119
30,"k",3,6,TRUE,"test_volume",99
30,"k",3,6,TRUE,"predictor2",69
30,"k",3,6,TRUE,"predictor1",68
31,"k",3,7,TRUE,"test_volume",147
31,"k",3,7,TRUE,"predictor2",96
31,"k",3,7,TRUE,"predictor1",77
32,"k",3,8,TRUE,"test_volume",159
32,"k",3,8,TRUE,"predictor2",94
32,"k",3,8,TRUE,"predictor1",30
33,"k",3,9,TRUE,"test_volume",114
33,"k",3,9,TRUE,"predictor2",4
33,"k",3,9,TRUE,"predictor1",79
34,"k",3,10,TRUE,"test_volume",157
34,"k",3,10,TRUE,"predictor2",100
34,"k",3,10,TRUE,"predictor1",79
35,"k",3,11,TRUE,"test_volume",163
35,"k",3,11,TRUE,"predictor2",39
35,"k",3,11,TRUE,"predictor1",132
36,"k",3,12,TRUE,"test_volume",143
36,"k",3,12,TRUE,"predictor2",12
36,"k",3,12,TRUE,"predictor1",153
37,"k",4,1,FALSE,"predictor2",97
37,"k",4,1,FALSE,"predictor1",65
38,"k",4,2,FALSE,"predictor2",151
38,"k",4,2,FALSE,"predictor1",5
39,"k",4,3,FALSE,"predictor2",10
39,"k",4,3,FALSE,"predictor1",129
40,"k",4,4,FALSE,"predictor2",12
40,"k",4,4,FALSE,"predictor1",143
41,"k",4,5,FALSE,"predictor2",107
41,"k",4,5,FALSE,"predictor1",20
42,"k",4,6,FALSE,"predictor2",77
42,"k",4,6,FALSE,"predictor1",60
43,"k",4,7,FALSE,"predictor2",70
43,"k",4,7,FALSE,"predictor1",103
44,"k",4,8,FALSE,"predictor2",24
44,"k",4,8,FALSE,"predictor1",100
45,"k",4,9,FALSE,"predictor2",38
45,"k",4,9,FALSE,"predictor1",45
46,"k",4,10,FALSE,"predictor2",136
46,"k",4,10,FALSE,"predictor1",43
47,"k",4,11,FALSE,"predictor2",20
47,"k",4,11,FALSE,"predictor1",151
48,"k",4,12,FALSE,"predictor2",61
48,"k",4,12,FALSE,"predictor1",104
1,"l",1,1,TRUE,"test_volume",127
1,"l",1,1,TRUE,"predictor2",60
1,"l",1,1,TRUE,"predictor1",76
2,"l",1,2,TRUE,"test_volume",114
2,"l",1,2,TRUE,"predictor2",12
2,"l",1,2,TRUE,"predictor1",110
3,"l",1,3,TRUE,"test_volume",88
3,"l",1,3,TRUE,"predictor2",36
3,"l",1,3,TRUE,"predictor1",43
4,"l",1,4,TRUE,"test_volume",127
4,"l",1,4,TRUE,"predictor2",60
4,"l",1,4,TRUE,"predictor1",91
5,"l",1,5,TRUE,"test_volume",147
5,"l",1,5,TRUE,"predictor2",140
5,"l",1,5,TRUE,"predictor1",4
6,"l",1,6,TRUE,"test_volume",57
6,"l",1,6,TRUE,"predictor2",22
6,"l",1,6,TRUE,"predictor1",4
7,"l",1,7,TRUE,"test_volume",113
7,"l",1,7,TRUE,"predictor2",31
7,"l",1,7,TRUE,"predictor1",47
8,"l",1,8,TRUE,"test_volume",82
8,"l",1,8,TRUE,"predictor2",26
8,"l",1,8,TRUE,"predictor1",26
9,"l",1,9,TRUE,"test_volume",88
9,"l",1,9,TRUE,"predictor2",43
9,"l",1,9,TRUE,"predictor1",40
10,"l",1,10,TRUE,"test_volume",103
10,"l",1,10,TRUE,"predictor2",37
10,"l",1,10,TRUE,"predictor1",54
11,"l",1,11,TRUE,"test_volume",73
11,"l",1,11,TRUE,"predictor2",27
11,"l",1,11,TRUE,"predictor1",46
12,"l",1,12,TRUE,"test_volume",122
12,"l",1,12,TRUE,"predictor2",62
12,"l",1,12,TRUE,"predictor1",37
13,"l",2,1,TRUE,"test_volume",103
13,"l",2,1,TRUE,"predictor2",55
13,"l",2,1,TRUE,"predictor1",54
14,"l",2,2,TRUE,"test_volume",119
14,"l",2,2,TRUE,"predictor2",87
14,"l",2,2,TRUE,"predictor1",13
15,"l",2,3,TRUE,"test_volume",97
15,"l",2,3,TRUE,"predictor2",31
15,"l",2,3,TRUE,"predictor1",62
16,"l",2,4,TRUE,"test_volume",83
16,"l",2,4,TRUE,"predictor2",12
16,"l",2,4,TRUE,"predictor1",73
17,"l",2,5,TRUE,"test_volume",64
17,"l",2,5,TRUE,"predictor2",62
17,"l",2,5,TRUE,"predictor1",21
18,"l",2,6,TRUE,"test_volume",130
18,"l",2,6,TRUE,"predictor2",92
18,"l",2,6,TRUE,"predictor1",33
19,"l",2,7,TRUE,"test_volume",92
19,"l",2,7,TRUE,"predictor2",7
19,"l",2,7,TRUE,"predictor1",69
20,"l",2,8,TRUE,"test_volume",124
20,"l",2,8,TRUE,"predictor2",95
20,"l",2,8,TRUE,"predictor1",79
21,"l",2,9,TRUE,"test_volume",89
21,"l",2,9,TRUE,"predictor2",18
21,"l",2,9,TRUE,"predictor1",59
22,"l",2,10,TRUE,"test_volume",83
22,"l",2,10,TRUE,"predictor2",5
22,"l",2,10,TRUE,"predictor1",96
23,"l",2,11,TRUE,"test_volume",114
23,"l",2,11,TRUE,"predictor2",64
23,"l",2,11,TRUE,"predictor1",51
24,"l",2,12,TRUE,"test_volume",93
24,"l",2,12,TRUE,"predictor2",31
24,"l",2,12,TRUE,"predictor1",75
25,"l",3,1,TRUE,"test_volume",75
25,"l",3,1,TRUE,"predictor2",23
25,"l",3,1,TRUE,"predictor1",58
26,"l",3,2,TRUE,"test_volume",82
26,"l",3,2,TRUE,"predictor2",47
26,"l",3,2,TRUE,"predictor1",32
27,"l",3,3,TRUE,"test_volume",132
27,"l",3,3,TRUE,"predictor2",64
27,"l",3,3,TRUE,"predictor1",77
28,"l",3,4,TRUE,"test_volume",114
28,"l",3,4,TRUE,"predictor2",83
28,"l",3,4,TRUE,"predictor1",47
29,"l",3,5,TRUE,"test_volume",91
29,"l",3,5,TRUE,"predictor2",27
29,"l",3,5,TRUE,"predictor1",66
30,"l",3,6,TRUE,"test_volume",42
30,"l",3,6,TRUE,"predictor2",1
30,"l",3,6,TRUE,"predictor1",45
31,"l",3,7,TRUE,"test_volume",94
31,"l",3,7,TRUE,"predictor2",16
31,"l",3,7,TRUE,"predictor1",66
32,"l",3,8,TRUE,"test_volume",98
32,"l",3,8,TRUE,"predictor2",56
32,"l",3,8,TRUE,"predictor1",38
33,"l",3,9,TRUE,"test_volume",68
33,"l",3,9,TRUE,"predictor2",44
33,"l",3,9,TRUE,"predictor1",13
34,"l",3,10,TRUE,"test_volume",104
34,"l",3,10,TRUE,"predictor2",51
34,"l",3,10,TRUE,"predictor1",67
35,"l",3,11,TRUE,"test_volume",119
35,"l",3,11,TRUE,"predictor2",19
35,"l",3,11,TRUE,"predictor1",109
36,"l",3,12,TRUE,"test_volume",100
36,"l",3,12,TRUE,"predictor2",47
36,"l",3,12,TRUE,"predictor1",29
37,"l",4,1,FALSE,"predictor2",31
37,"l",4,1,FALSE,"predictor1",50
38,"l",4,2,FALSE,"predictor2",37
38,"l",4,2,FALSE,"predictor1",42
39,"l",4,3,FALSE,"predictor2",25
39,"l",4,3,FALSE,"predictor1",116
40,"l",4,4,FALSE,"predictor2",120
40,"l",4,4,FALSE,"predictor1",10
41,"l",4,5,FALSE,"predictor2",39
41,"l",4,5,FALSE,"predictor1",54
42,"l",4,6,FALSE,"predictor2",22
42,"l",4,6,FALSE,"predictor1",24
43,"l",4,7,FALSE,"predictor2",52
43,"l",4,7,FALSE,"predictor1",30
44,"l",4,8,FALSE,"predictor2",20
44,"l",4,8,FALSE,"predictor1",74
45,"l",4,9,FALSE,"predictor2",53
45,"l",4,9,FALSE,"predictor1",4
46,"l",4,10,FALSE,"predictor2",69
46,"l",4,10,FALSE,"predictor1",49
47,"l",4,11,FALSE,"predictor2",37
47,"l",4,11,FALSE,"predictor1",91
48,"l",4,12,FALSE,"predictor2",14
48,"l",4,12,FALSE,"predictor1",62
